{"player": {"position": {"center_x": 524.9216478540386, "center_y": 1433.99966327372}, "inventory": {}, "lifes": 5, "healt": 100}, "scene": "FOREST", "time_stamp": 1761346890.0973501}