{"player": {"position": {"center_x": 639.9287182258606, "center_y": 568.9777846896466}, "inventory": {}, "lifes": 2.0, "healt": 46.0}, "scene": "FOREST", "time_stamp": 1761345334.705233}