{"player": {"position": {"center_x": 261.5743294853746, "center_y": 1244.3569978190844}, "inventory": {"piedra_cuarzo": 43, "piedra": 62}, "lifes": 4.0, "healt": 82.0}, "scene": "FOREST", "time_stamp": 1761175825.6493366}