{
   "player": {
      "position": {
         "center_x": 165.43111767171544,
         "center_y": 1763.1397325893963
      },
      "inventory": [],
      "lifes": 4.0,
      "healt": 82.0
   },
   "scene": "LABORATORY",
   "time_stamp": 1761501094.9040918
}