{"player": {"position": {"center_x": 684.5743294853746, "center_y": 560.3569978190844}, "inventory": {"piedra_cuarzo": 43, "piedra": 62, "rubi": 1}, "lifes": 4.0, "healt": 82.0}, "scene": "FOREST", "time_stamp": 1761262425.9688327}