{"player": {"position": {"center_x": 974.5489636056541, "center_y": 1486.4034897690665}, "inventory": {"piedra_cuarzo": 43, "piedra": 62, "rubi": 1}, "lifes": 3.0, "healt": 73.0}, "scene": "FOREST", "time_stamp": 1761265767.3507414}